<?xml version="1.0" encoding="UTF-8"?>
<channel><item><pubDate><![CDATA[Thu, 07 Nov 2024 17:36:58 +0000]]></pubDate><title><![CDATA[About Us]]></title><url><![CDATA[about-us]]></url><meta><![CDATA[]]></meta><metad><![CDATA[]]></metad><menu><![CDATA[About Us]]></menu><menuOrder><![CDATA[0]]></menuOrder><menuStatus><![CDATA[]]></menuStatus><template><![CDATA[template.php]]></template><parent><![CDATA[]]></parent><private><![CDATA[]]></private><author><![CDATA[root]]></author><slug><![CDATA[about-us]]></slug><filename><![CDATA[about-us.xml]]></filename></item><item><pubDate><![CDATA[Thu, 07 Nov 2024 17:16:10 +0000]]></pubDate><title><![CDATA[Contact]]></title><url><![CDATA[contact]]></url><meta><![CDATA[]]></meta><metad><![CDATA[]]></metad><menu><![CDATA[]]></menu><menuOrder><![CDATA[0]]></menuOrder><menuStatus><![CDATA[]]></menuStatus><template><![CDATA[template.php]]></template><parent><![CDATA[]]></parent><private><![CDATA[]]></private><author><![CDATA[root]]></author><slug><![CDATA[contact]]></slug><filename><![CDATA[contact.xml]]></filename></item><item><pubDate><![CDATA[Wed, 27 Nov 2024 05:36:57 +0000]]></pubDate><title><![CDATA[Homepage]]></title><url><![CDATA[index]]></url><meta><![CDATA[getsimple, easy, content management system]]></meta><metad><![CDATA[]]></metad><menu><![CDATA[Home]]></menu><menuOrder><![CDATA[1]]></menuOrder><menuStatus><![CDATA[Y]]></menuStatus><template><![CDATA[template.php]]></template><parent><![CDATA[]]></parent><private><![CDATA[]]></private><author><![CDATA[root]]></author><slug><![CDATA[index]]></slug><filename><![CDATA[index.xml]]></filename></item><item><pubDate><![CDATA[Thu, 14 Nov 2024 17:51:15 +0000]]></pubDate><title><![CDATA[Plumbing Supplies]]></title><url><![CDATA[plumbingsupplies]]></url><meta><![CDATA[]]></meta><metad><![CDATA[]]></metad><menu><![CDATA[]]></menu><menuOrder><![CDATA[0]]></menuOrder><menuStatus><![CDATA[]]></menuStatus><template><![CDATA[products.php]]></template><parent><![CDATA[]]></parent><private><![CDATA[]]></private><author><![CDATA[root]]></author><slug><![CDATA[plumbingsupplies]]></slug><filename><![CDATA[plumbingsupplies.xml]]></filename></item><item><pubDate><![CDATA[Thu, 14 Nov 2024 17:49:25 +0000]]></pubDate><title><![CDATA[Power Tools]]></title><url><![CDATA[powertools]]></url><meta><![CDATA[]]></meta><metad><![CDATA[]]></metad><menu><![CDATA[Products]]></menu><menuOrder><![CDATA[0]]></menuOrder><menuStatus><![CDATA[]]></menuStatus><template><![CDATA[products.php]]></template><parent><![CDATA[]]></parent><private><![CDATA[]]></private><author><![CDATA[root]]></author><slug><![CDATA[powertools]]></slug><filename><![CDATA[powertools.xml]]></filename></item><item><pubDate><![CDATA[Thu, 14 Nov 2024 13:52:04 +0000]]></pubDate><title><![CDATA[Privacy Policy]]></title><url><![CDATA[privacy-policy]]></url><meta><![CDATA[]]></meta><metad><![CDATA[]]></metad><menu><![CDATA[Privacy Policy]]></menu><menuOrder><![CDATA[0]]></menuOrder><menuStatus><![CDATA[]]></menuStatus><template><![CDATA[template.php]]></template><parent><![CDATA[]]></parent><private><![CDATA[]]></private><author><![CDATA[root]]></author><slug><![CDATA[privacy-policy]]></slug><filename><![CDATA[privacy-policy.xml]]></filename></item><item><pubDate><![CDATA[Sun, 17 Nov 2024 08:00:29 +0000]]></pubDate><title><![CDATA[Submit Form]]></title><url><![CDATA[submit]]></url><meta><![CDATA[]]></meta><metad><![CDATA[]]></metad><menu><![CDATA[Submit]]></menu><menuOrder><![CDATA[0]]></menuOrder><menuStatus><![CDATA[]]></menuStatus><template><![CDATA[submit form.php]]></template><parent><![CDATA[]]></parent><private><![CDATA[]]></private><author><![CDATA[root]]></author><slug><![CDATA[submit]]></slug><filename><![CDATA[submit.xml]]></filename></item><item><pubDate><![CDATA[Thu, 07 Nov 2024 17:17:07 +0000]]></pubDate><title><![CDATA[Terms And Conditions]]></title><url><![CDATA[terms-and-conditions]]></url><meta><![CDATA[]]></meta><metad><![CDATA[]]></metad><menu><![CDATA[]]></menu><menuOrder><![CDATA[0]]></menuOrder><menuStatus><![CDATA[]]></menuStatus><template><![CDATA[template.php]]></template><parent><![CDATA[]]></parent><private><![CDATA[]]></private><author><![CDATA[root]]></author><slug><![CDATA[terms-and-conditions]]></slug><filename><![CDATA[terms-and-conditions.xml]]></filename></item></channel>
