<?xml version="1.0" encoding="UTF-8"?>
<item><pubDate>Thu, 07 Nov 2024 17:36:58 +0000</pubDate><title><![CDATA[About Us]]></title><url><![CDATA[about-us]]></url><meta><![CDATA[]]></meta><metad><![CDATA[]]></metad><menu><![CDATA[About Us]]></menu><menuOrder><![CDATA[0]]></menuOrder><menuStatus><![CDATA[]]></menuStatus><template><![CDATA[template.php]]></template><parent><![CDATA[]]></parent><content><![CDATA[<meta charset="UTF-8">
<title></title>
<link href="style.css" rel="stylesheet" type="text/css" /><!-- Background image and left side margin -->
<div class="background">
	<div class="content"><!-- Level 1 Header -->
		<h1>DIY PARADISE</h1>
		<!-- Navigation Bar -->

		<nav>
		<ul>
			<li><a href="http://localhost/getsimplecms/">Home</a></li>
			<li><a href="http://localhost/getsimplecms/index.php?id=about-us">About Us</a></li>
			<li class="dropdown"><a>All Products</a>
				<ul class="dropdown-menu">
					<li><a href="http://localhost/getsimplecms/index.php?id=powertools">Power Tools</a></li>
					<li><a href="http://localhost/getsimplecms/index.php?id=plumbingsupplies">Plumbing Supplies</a></li>
					<li><a href="http://localhost/getsimplecms/index.php?id=submit">Submit A Review</a></li>
				</ul>
			</li>
		</ul>

		<ul class="right">
			<li><a href="http://localhost/getsimplecms/index.php?id=contact">Contact</a></li>
			<li><a href="http://localhost/getsimplecms/index.php?id=terms-and-conditions">Terms And Conditions</a></li>
			<li><a href="http://localhost/getsimplecms/index.php?id=privacy-policy">Privacy Policy</a></li>
		</ul>
		</nav>
		<!-- Level 1 Header -->

		<h1>ABOUT US</h1>

		<div class="box"><!-- About Us Paragraph -->
			<p>Welcome to DIY Paradise! We are an Australian-based online store dedicated to providing high-quality products at competitive prices. Our mission is to offer a seamless shopping experience with exceptional customer service. We carefully select our products to ensure they meet our high standards and cater to your needs. Thank you for choosing us for your shopping needs!</p>
		</div>
		<!-- Level 2 Header -->

		<h2>Our Mission</h2>

		<div class="box"><!-- Our Mission Paragraph -->
			<p>Our mission is to provide our customers with the highest quality products and exceptional customer service. We strive to offer a diverse range of products that cater to the needs and preferences of our customers. We believe in the power of community and aim to create a shopping experience that is both enjoyable and fulfilling. We hope you enjoy our products as much as we enjoy offering them to you. If you have any questions or comments, please don’t hesitate to contact us.</p>
		</div>
	</div>
</div>
<!-- CopyRight Statement -->

<footer>
<p>© 2024 DIY PARADISE. All rights reserved. <a href="mailto:diyparadise@example.com">diyparadise@example.com</a></p>
</footer>
]]></content><private><![CDATA[]]></private><author><![CDATA[root]]></author></item>
