<?xml version="1.0" encoding="UTF-8"?>
<!DOCTYPE powertools [
<!ELEMENT powertools (product)+>
<!ELEMENT product (name , description , pricing , search_tag , reviews , picture , url , brand , dimensions , warrenty)>
<!ELEMENT name (#PCDATA)>
<!ELEMENT description (#PCDATA)>
<!ELEMENT pricing (#PCDATA)>
<!ATTLIST pricing currency CDATA #REQUIRED>
<!ELEMENT search_tag (tag)*>
<!ELEMENT reviews (review)*>
<!ELEMENT picture (#PCDATA)>
<!ELEMENT url (#PCDATA)>
<!ELEMENT dimensions (dimension)+>
<!ELEMENT dimension EMPTY>
<!ATTLIST dimension name CDATA #REQUIRED>
<!ATTLIST dimension value CDATA #REQUIRED>
<!ELEMENT warrenty (#PCDATA)>
<!ELEMENT brand (#PCDATA)>
<!ELEMENT review (#PCDATA)>
<!ELEMENT tag (#PCDATA)>
<!ATTLIST review score CDATA #REQUIRED>
<!ENTITY company SYSTEM "DIY Paradise">
]>
<powertools>
    <product>
        <name>Quantum Drill</name>
        <description>A hammer that uses anti-gravity technology to make it weightless, allowing for precise and effortless hammering.</description>
        <pricing currency="AUD">$250,000.00</pricing>
        <search_tag>
            <tag>Quantum Drill</tag>
            <tag>Effortless Drilling</tag>
            <tag>SciFi Tools</tag>
        </search_tag>
        <reviews>
            <review score="3">The Quantum Drill makes drilling through any material a breeze. It’s pricey, but worth it for the effortless performance!</review>
        </reviews>
        <picture>data/uploads/kP6qsObDSGWbpqjLc2dDFw.png</picture>
        <url>https://example.com/quantum-drill</url>
        <brand>QuantumTools</brand>
        <dimensions>
            <dimension name="Length" value="30 cm"/>
            <dimension name="Width" value="10 cm"/>
            <dimension name="Height" value="10 cm"/>
            <dimension name="Weight" value="2 kg"/>
        </dimensions>
        <warrenty>50-Year</warrenty>
    </product>
    <product>
        <name>Anti-Gravity Hammer</name>
        <description>The Anti-Gravity Hammer is an innovative tool that utilizes advanced technology to make even the toughest jobs feel effortless by reducing physical strain and increasing precision.</description>
        <pricing currency="AUD">$1,000,000.00</pricing>
        <search_tag>
            <tag>Anti-Gravity Hammer</tag>
            <tag>Effortless Hammering</tag>
            <tag>SciFi Tools</tag>
        </search_tag>
        <reviews>
            <review score="4">The Anti-Gravity Hammer makes hammering feel like a dream. It’s a bit expensive, but the precision and ease are unmatched!</review>
        </reviews>
        <picture>data/uploads/CQsanbDUAAAECZ3.png</picture>
        <url>https://example.com/anti-gravity-hammer</url>
        <brand>GravityGone</brand>
        <dimensions>
            <dimension name="Length" value="35 cm"/>
            <dimension name="Width" value="12 cm"/>
            <dimension name="Height" value="5 cm"/>
            <dimension name="Weight" value="0.5 kg"/>
        </dimensions>
        <warrenty>20-Year</warrenty>
    </product>
    <product>
        <name>Time-Warp Saw</name>
        <description>A saw that can cut through time, allowing you to make precise cuts in the past, present, or future.</description>
        <pricing currency="AUD">$150,000.00</pricing>
        <search_tag>
            <tag>Time-Warp Saw</tag>
            <tag>Precision Cutting</tag>
            <tag>SciFi Tools</tag>
        </search_tag>
        <reviews>
            <review score="5">The Time-Warp Saw is a revolutionary tool for precise cuts across time. It’s incredibly expensive, but the unique capability is worth every penny!</review>
        </reviews>
        <picture>data/uploads/E-2ZLBZX0AQ209B.png</picture>
        <url>https://example.com/time-warp-saw</url>
        <brand>TemporalTools</brand>
        <dimensions>
            <dimension name="Length" value="40 cm"/>
            <dimension name="Width" value="15 cm"/>
            <dimension name="Height" value="10 cm"/>
            <dimension name="Weight" value="3 kg"/>
        </dimensions>
        <warrenty>Lifetime</warrenty>
    </product>
</powertools>
