<?xml version="1.0" encoding="UTF-8"?>
<item><pubDate>Thu, 14 Nov 2024 13:52:04 +0000</pubDate><title><![CDATA[Privacy Policy]]></title><url><![CDATA[privacy-policy]]></url><meta><![CDATA[]]></meta><metad><![CDATA[]]></metad><menu><![CDATA[Privacy Policy]]></menu><menuOrder><![CDATA[0]]></menuOrder><menuStatus><![CDATA[]]></menuStatus><template><![CDATA[template.php]]></template><parent><![CDATA[]]></parent><content><![CDATA[<meta charset="UTF-8">
<title></title>
<link href="style.css" rel="stylesheet" type="text/css" /><!-- Background image and left side margin -->
<div class="background-policy">
	<div class="content"><!-- Level 1 Header -->
		<h1>DIY PARADISE</h1>
		<!-- Navigation Bar -->

		<nav>
		<ul>
			<li><a href="http://localhost/getsimplecms/">Home</a></li>
			<li><a href="http://localhost/getsimplecms/index.php?id=about-us">About Us</a></li>
			<li class="dropdown"><a>All Products</a>
				<ul class="dropdown-menu">
					<li><a href="http://localhost/getsimplecms/index.php?id=powertools">Power Tools</a></li>
					<li><a href="http://localhost/getsimplecms/index.php?id=plumbingsupplies">Plumbing Supplies</a></li>
					<li><a href="http://localhost/getsimplecms/index.php?id=submit">Submit A Review</a></li>
				</ul>
			</li>
		</ul>

		<ul class="right">
			<li><a href="http://localhost/getsimplecms/index.php?id=contact">Contact</a></li>
			<li><a href="http://localhost/getsimplecms/index.php?id=terms-and-conditions">Terms And Conditions</a></li>
			<li><a href="http://localhost/getsimplecms/index.php?id=privacy-policy">Privacy Policy</a></li>
		</ul>
		</nav>
		<!-- Level 1 Header -->

		<h1>PRIVACY POLICY</h1>

		<div class="box"><!-- Privacy Policy Paragraph -->
			<p>DIY Paradise is committed to protecting the privacy of our customers and website visitors. This privacy policy outlines how we collect, use, and protect your personal information</p>

			<p>DIY Paradise collects your searching preferences and analyses your activity, to provide the best suggested producted for your shopping needs.</p>
		</div>
		<!-- Information We Collect -->

		<h2>Information We Collect</h2>

		<div class="box">
			<p>We may collect personal information you provide, such as your name, email address, postal address, and phone number. We also automatically collect information like your IP address, browser type, operating system, referring URLs, and pages visited.</p>
		</div>
		<!-- How We Use Your Information -->

		<h2>How We Use Your Information</h2>

		<div class="box">
			<p>We use your information to provide and improve our services, personalize your experience, communicate with you, and enhance our website’s functionality and security.</p>
		</div>
		<!-- Data Security Measures -->

		<h2>Data Security Measures</h2>

		<div class="box">
			<p>We implement security measures to protect your personal information from unauthorized access, disclosure, alteration, or destruction.</p>
		</div>
		<!-- Sharing of Information -->

		<h2>Sharing of Information</h2>

		<div class="box">
			<p>We do not sell or trade your personal information. We may share it with trusted service providers who assist us in operating our website, under strict confidentiality agreements.</p>
		</div>
		<!-- Cookies and Tracking Technologies -->

		<h2>Cookies and Tracking Technologies</h2>

		<div class="box">
			<p>Our website may use cookies and similar technologies to collect information about your browsing behavior. You can control cookies through your browser settings.</p>
		</div>
		<!-- Your Rights -->

		<h2>Your Rights</h2>

		<div class="box">
			<p>You have the right to access, correct, or delete your personal information. To exercise these rights, please contact us at <a href="mailto:diyparadise@example.com">diyparadise@example.com</a>.</p>
		</div>
	</div>
</div>
<!-- CopyRight Statement -->

<footer>
<p>© 2024 DIY PARADISE. All rights reserved. <a href="mailto:diyparadise@example.com">diyparadise@example.com</a></p>
</footer>
]]></content><private><![CDATA[]]></private><author><![CDATA[root]]></author></item>
