<?xml version="1.0" encoding="UTF-8"?>
<item><pubDate>Thu, 07 Nov 2024 17:17:07 +0000</pubDate><title><![CDATA[Terms And Conditions]]></title><url><![CDATA[terms-and-conditions]]></url><meta><![CDATA[]]></meta><metad><![CDATA[]]></metad><menu><![CDATA[]]></menu><menuOrder><![CDATA[0]]></menuOrder><menuStatus><![CDATA[]]></menuStatus><template><![CDATA[template.php]]></template><parent><![CDATA[]]></parent><content><![CDATA[<!DOCTYPE html>
<html lang="en">
<head>
  <meta charset="UTF-8">
  <title>DIY Paradise</title>
  <link rel="stylesheet" type="text/css" href="style.css">
</head>
<body>
  <!-- Background image and left side margin -->
  <div class="background-terms">
    <div class="content">
      <!-- Level 1 Header -->
      <h1>DIY PARADISE</h1>
      <!-- Navigation Bar -->
      <nav>
        <ul>
			    <li><a href="http://localhost/getsimplecms/">Home</a></li>
			    <li><a href="http://localhost/getsimplecms/index.php?id=about-us">About Us</a></li>
          <li class="dropdown">
            <a>All Products</a>
            <ul class="dropdown-menu">
					    <li><a href="http://localhost/getsimplecms/index.php?id=powertools">Power Tools</a></li>
					    <li><a href="http://localhost/getsimplecms/index.php?id=plumbingsupplies">Plumbing Supplies</a></li>
              <li><a href="http://localhost/getsimplecms/index.php?id=submit">Submit A Review</a></li>
            </ul>
          </li>
        </ul>
        <ul class="right">
          <li><a href="http://localhost/getsimplecms/index.php?id=contact">Contact</a></li>
          <li><a href="http://localhost/getsimplecms/index.php?id=terms-and-conditions">Terms And Conditions</a></li>
          <li><a href="http://localhost/getsimplecms/index.php?id=privacy-policy">Privacy Policy</a></li>
        </ul>
      </nav>
      <!-- Level 1 Header -->
      <h1>TERMS AND CONDITIONS</h1>
      <div class="box">
      <!-- Terms and conditions paragraph -->
      <p>By using this website, you agree to be bound by the following terms and conditions. Please read these terms and conditions carefully before using this website.</p>
      </div>
      <!-- Level 2 headings -->
      <h2>Intellectual Property</h2>
      <div class="box">
      <!-- Intellectual property paragraph -->
      <p>All content on this website, including text, images, and logos, is the property of DIY Paradise and is protected by copyright and trademark laws.</p>
      </div>
      <!-- Level 2 headings -->
      <h2>Disclaimer of Warranties</h2>
      <div class="box">
      <!-- Disclaimer of warranties paragraph -->
      <p >DIY Paradise provides worldwide warranties and 100% cash back returns. No questions asked!!</p>
      </div>
      <!-- Level 2 headings -->
      <h2>Product and Services</h2>
      <div class="box">
      <!-- Products and Services paragraph -->
      <p>All products sold are highest quality with top named brands available today.  We also offer a wide range of services to help you with your DIY projects.</p>
      </div>

      <!-- Use of Website -->
      <h2>Use of Website</h2>
      <div class="box">
      <p>You agree to use our website only for lawful purposes and in a way that does not infringe the rights of, restrict, or inhibit anyone else’s use and enjoyment of the website.</p>
    </div>

      <!-- Orders and Payment -->
      <h2>Orders and Payment</h2>
      <div class="box">
      <p>All orders are subject to acceptance and availability. We reserve the right to refuse service to anyone for any reason at any time. Payment must be made at the time of purchase. We accept [list payment methods].</p>
    </div>

      <!-- Pricing and Availability -->
      <h2>Pricing and Availability</h2>
      <div class="box">
      <p>All prices are in Australian dollars (AUD) and include GST unless otherwise stated. Prices and availability of products are subject to change without notice.</p>
    </div>

      <!-- Shipping and Delivery -->
      <h2>Shipping and Delivery</h2>
      <div class="box">
      <p>We aim to dispatch orders within 3 business days. Delivery times may vary depending on your location. We are not responsible for delays caused by shipping carriers.</p>
      </div>
    </div>
  </div>
  <!-- Copyright -->
  <footer>
    <p>&copy; 2024 DIY PARADISE. All rights reserved. <a href="mailto:diyparadise@example.com">diyparadise@example.com</a></p>
  </footer>
</body>
</html>]]></content><private><![CDATA[]]></private><author><![CDATA[root]]></author></item>
