<?xml version="1.0" encoding="UTF-8"?>
<item><pubDate>Thu, 14 Nov 2024 17:49:25 +0000</pubDate><title><![CDATA[Power Tools]]></title><url><![CDATA[powertools]]></url><meta><![CDATA[]]></meta><metad><![CDATA[]]></metad><menu><![CDATA[Products]]></menu><menuOrder><![CDATA[0]]></menuOrder><menuStatus><![CDATA[]]></menuStatus><template><![CDATA[products.php]]></template><parent><![CDATA[]]></parent><content><![CDATA[]]></content><private><![CDATA[]]></private><author><![CDATA[root]]></author></item>
