<?xml version="1.0" encoding="UTF-8"?>
<!DOCTYPE product [
    <!ELEMENT product (name, description, pricing, search_tag, reviews, picture, url, brand, dimensions, warrenty)>
    <!ELEMENT name (#PCDATA)>
    <!ELEMENT description (#PCDATA)>
    <!ELEMENT pricing (#PCDATA)>
    <!ATTLIST pricing currency CDATA #REQUIRED>
    <!ELEMENT search_tag (tag*)>
    <!ELEMENT reviews (review*)>
    <!ELEMENT picture (#PCDATA)>
    <!ELEMENT url (#PCDATA)>
    <!ELEMENT dimensions (dimension+)>
    <!ELEMENT dimension EMPTY>
    <!ATTLIST dimension name CDATA #REQUIRED>
    <!ATTLIST dimension value CDATA #REQUIRED>
    <!ELEMENT warrenty (#PCDATA)>
    <!ELEMENT brand (#PCDATA)>
    <!ELEMENT review (#PCDATA)>
    <!ELEMENT tag (#PCDATA)>
    <!ATTLIST review score CDATA #REQUIRED>
    <!ENTITY company SYSTEM "DIY Paradise">
]>

<product>
    <name>(PRODUCT NAME)</name>
    <description>(INSERT DESCRIPTION)</description>
    <pricing currency="(INSERT CURRENCY)">(COST OF ITEM)</pricing>
    <search_tag>
        <tag>(Insert Tags)</tag>
    </search_tag>
    <reviews>
        <review score="Enter Score 0-5">(Enter Review Here)</review>
        </reviews>
        <picture>(Insert Image Here)</picture>
        <url>https://example.com/(Productnamehere)</url>
        <brand>(Brand Here)</brand>
    <dimensions>
        <dimension name="(Insert Here)" value="(Insert Here)" />
        <dimension name="(Insert Here)" value="(Insert Here)" />
        <dimension name="(Insert Here)" value="(Insert Here)" />
        <dimension name="(Insert Here)" value="(Insert Here)" />
    </dimensions>
    <warrenty>(Warrenty Here)</warrenty>
</product>
