<?xml version="1.0" encoding="UTF-8"?>
<!DOCTYPE plumbingsupplies [
    <!ELEMENT plumbingsupplies (product+)>
    <!ELEMENT product (name, description, pricing, search_tag, reviews, picture, url, brand, dimensions, warrenty)>
    <!ELEMENT name (#PCDATA)>
    <!ELEMENT description (#PCDATA)>
    <!ELEMENT pricing (#PCDATA)>
    <!ATTLIST pricing currency CDATA #REQUIRED>
    <!ELEMENT search_tag (tag*)>
    <!ELEMENT reviews (review*)>
    <!ELEMENT picture (#PCDATA)>
    <!ELEMENT url (#PCDATA)>
    <!ELEMENT dimensions (dimension+)>
    <!ELEMENT dimension EMPTY>
    <!ATTLIST dimension name CDATA #REQUIRED>
    <!ATTLIST dimension value CDATA #REQUIRED>
    <!ELEMENT warrenty (#PCDATA)>
    <!ELEMENT brand (#PCDATA)>
    <!ELEMENT review (#PCDATA)>
    <!ELEMENT tag (#PCDATA)>
    <!ATTLIST review score CDATA #REQUIRED>
    <!ENTITY company SYSTEM "DIY Paradise">
]>
<plumbingsupplies>
    <product>
        <name>Quantum Flux Pipe</name>
        <description>A faucet that defies gravity, allowing water to flow upwards. Perfect for those who want to challenge the laws of physics in their bathroom.</description>
        <pricing currency="AUD">$5,000.00</pricing>
        <search_tag>
            <tag>QuantumPipe</tag>
            <tag>InstantWater</tag>
            <tag>SciFiPlumbing</tag>
        </search_tag>
        <reviews>
            <review score="5">The Quantum Flux Pipe is a revolutionary product that makes water transportation instantaneous and effortless. It’s incredibly expensive, but the advanced technology and 100-year warranty make it a worthwhile investment for any futuristic plumbing system!</review>
        </reviews>
        <picture>images/metal-pipe-plumbing-d7QRlz5-600.png</picture>
        <url>https://example.com/quantum-flux-pipe</url>
        <brand>QuantumFlow Inc.</brand>
        <dimensions>
            <dimension name="Length" value="2540 cm" />
            <dimension name="Width" value="5.08 cm" />
            <dimension name="Height" value="5.08 cm" />
            <dimension name="Weight" value="50 kg" />
        </dimensions>
        <warrenty>100-Year</warrenty>
    </product>
    <product>
        <name>Time-Traveling Toilet</name>
        <description>A toilet that allows you to travel back in time to before you needed to use it. Never worry about bathroom breaks again!</description>
        <pricing currency="AUD">$2,500,000.00</pricing>
        <search_tag>
            <tag>#TimeTravel</tag>
            <tag>Toilet</tag>
            <tag>NoMoreBreaks</tag>
        </search_tag>
        <reviews>
            <review score="3">The Time-Traveling Toilet is a game-changer, allowing me to go back to a moment before nature called. It’s pricey, but the convenience and lifetime warranty make it worth every penny!</review>
        </reviews>
        <picture>images/Futuristic-toilets-10-jpg.jpg</picture>
        <url>https://example.com/time-traveling-toilet</url>
        <brand>TemporalSanitation</brand>
        <dimensions>
            <dimension name="Length" value="50.8 cm" />
            <dimension name="Width" value="50.8 cm" />
            <dimension name="Height" value="76.2 cm" />
            <dimension name="Weight" value="150 kg" />
        </dimensions>
        <warrenty>Lifetime</warrenty>
    </product>
    <product>
        <name>Self-Cleaning Sink</name>
        <description>A sink that cleans itself and any dishes placed in it using nanotechnology. Say goodbye to dishwashing forever!</description>
        <pricing currency="AUD">$10,000.00</pricing>
        <search_tag>
            <tag>SelfCleaning</tag>
            <tag>Nanotech</tag>
            <tag>NoMoreDishes</tag>
        </search_tag>
        <reviews>
            <review score="4">The Self-Cleaning Sink is a lifesaver, making dishwashing a thing of the past. Its nanotechnology ensures spotless dishes every time, worth every penny!</review>
        </reviews>
        <picture>images/blogimage1320233172smart-tech-savvy-sink.png</picture>
        <url>https://example.com/self-cleaning-sink</url>
        <brand>NanoClean</brand>
        <dimensions>
            <dimension name="Length" value="60.96 cm" />
            <dimension name="Width" value="45.72 cm" />
            <dimension name="Height" value="25.4 cm" />
            <dimension name="Weight" value="20 kg" />
        </dimensions>
        <warrenty>15-Year</warrenty>
    </product>
</plumbingsupplies>