<?xml version="1.0" encoding="UTF-8"?>
<item><pubDate>Thu, 07 Nov 2024 17:16:10 +0000</pubDate><title><![CDATA[Contact]]></title><url><![CDATA[contact]]></url><meta><![CDATA[]]></meta><metad><![CDATA[]]></metad><menu><![CDATA[]]></menu><menuOrder><![CDATA[0]]></menuOrder><menuStatus><![CDATA[]]></menuStatus><template><![CDATA[template.php]]></template><parent><![CDATA[]]></parent><content><![CDATA[<!DOCTYPE html>
<html lang="en">
<head>
  <meta charset="UTF-8">
  <title>Contact Us</title>
  <link rel="stylesheet" type="text/css" href="style.css">
</head>
<body>
  <!-- Background image and left side margin -->
  <div class="background">
    <div class="content">
      <!-- Level 1 Header -->
      <h1>DIY PARADISE</h1>
      <!-- Navigation Bar -->
      <nav>
        <ul>
			    <li><a href="http://localhost/getsimplecms/">Home</a></li>
			    <li><a href="http://localhost/getsimplecms/index.php?id=about-us">About Us</a></li>
          <li class="dropdown">
            <a>All Products</a>
            <ul class="dropdown-menu">
					    <li><a href="http://localhost/getsimplecms/index.php?id=powertools">Power Tools</a></li>
					    <li><a href="http://localhost/getsimplecms/index.php?id=plumbingsupplies">Plumbing Supplies</a></li>
              <li><a href="http://localhost/getsimplecms/index.php?id=submit">Submit A Review</a></li>
            </ul>
          </li>
        </ul>
        <ul class="right">
          <li><a href="http://localhost/getsimplecms/index.php?id=contact">Contact</a></li>
          <li><a href="http://localhost/getsimplecms/index.php?id=terms-and-conditions">Terms And Conditions</a></li>
          <li><a href="http://localhost/getsimplecms/index.php?id=privacy-policy">Privacy Policy</a></li>
        </ul>
      </nav>
      <!-- Level 1 Header -->
      <h1>CONTACT US</h1>
      <!-- Contact Form -->
      <div class="contact-form">            
       <h2>Contact Form</h2>
       <form action="https://jkorpela.fi/cgi-bin/echo.cgi" method="post">
        <!-- Name -->
        <label class="name" for="name">Name:</label>
        <br>
        <input type="text" name="name" id="name" required>
        <br>
        <!-- Email -->
        <label class="email" for="email">Email:</label>
        <br>
        <input type="email" id="email" name="email" required>
        <br>
        <!-- Subject -->
        <label class="subject" for="subject">Subject:</label>
        <br>
        <input type="text" id="subject" name="subject" required>
        <br>
        <!-- Message -->
        <label class="message" for="message">Message:</label>
        <br>
        <textarea name="message" id="message" required></textarea>
        <br>
        <!-- Urgent -->
        <label for="urgent">Is the message urgent?</label>
        <input type="radio" id="urgent" name="urgent" value="yes">
        <label for="urgent">Yes</label>
        <input type="radio" id="not-urgent" name="urgent" value="no">
        <label for="not-urgent">No</label>
        <br>
        <!-- Submit Button -->
        <input type="submit" value="Submit">
        <!-- Clear Button -->
        <input type="reset" value="Clear">
       </form>
      </div>
    </div>
  </div>
  <!-- CopyRight Statement -->
  <footer>
    <p>&copy; 2024 DIY PARADISE. All rights reserved. <a href="mailto:diyparadise@example.com">diyparadise@example.com</a></p>
  </footer>
</body>
</html>]]></content><private><![CDATA[]]></private><author><![CDATA[root]]></author></item>
